INSERT INTO ARTIST(ARTIST_ID, NAME) VALUES
(1, 'Rihanna'),
(2, 'Beyonce'),
(3, 'Ava Max'),
(4, 'One republic'),
(5, 'Coldplay'),
(6, 'Michael Jackson'),
(7, 'Black Eyed Peas'),
(8, 'Dua Lipa'),
(9, 'Madonna'),
(10, 'Miley Cyrus');

INSERT INTO ALBUM(ALBUM_ID, TITLE, ARTIST_ID) VALUES
(11,'Loud', 1),
(12, 'Talk That Talk', 1),
(13, 'Good Girl Gone Bad', 1),
(21, '4',2),
(22, 'Dangeoursly in love', 2),
(23, 'Speak my mind', 2),
(31, 'Heaven and hell', 3 ),
(42, 'Human', 4),
(43, 'Native', 4),
(51, 'Everyday life', 5),
(62,'Bad', 6),
(63, 'Thriller', 6),
(64, 'Dangeorus', 6),
(65, 'Ben', 6),
(71, 'Monkey Bussines', 7),
(81,'Dua lipa', 8),
(82, 'Future nostalgia', 8),
(91, 'Like a virgin', 9),
(92, 'Madonna', 9),
(100, 'Angels like you', 10),
(101, 'Party', 10);


INSERT INTO GENRE(GENRE_ID, NAME) VALUES
(1, 'Pop'),
(2, 'Rock'),
(3, 'Indy'),
(4, 'RnB'),
(5, 'Reggae'),
(6, 'Emo'),
(7, 'Heavy Metal');

INSERT INTO TRACK(TRACK_ID, NAME, COMPOSER, SECONDS, UNIT_PRICE, ALBUM_ID, GENRE_ID  ) VALUES
(1, 'Girsl are loud', 'Fred Smith',190, 0.55,11, 1 ),
(2, 'Love it', 'Fred Smith',199,  0.65, 11, 1 ),
(3, 'Me and myself', 'Cam Cameron',219, 0.59, 11, 1 ),
(4, 'Talk to me', 'Cam Cameron', 182, 0.68, 12, 1),
(5, 'Listen', 'Marie Cameron', 206, 0.89, 12, 5),
(6, 'Good girl', 'Cam Cameron', 182, 0.81, 13, 1),
(7, 'Rude Boy', 'Jay Z', 206,0.48, 13, 4),
(8, '2 + 2', 'Jay Z', 250, 0.85, 21, 4),
(9, 'Forever', 'Jay Z', 206, 0.75, 21, 4),
(10 , 'Karma', 'Jay Z', 280, 0.89, 22, 4),
(11, 'Love me', 'Martin Slay', 186, 0.81, 22, 4),
(12 ,'Speak to me', 'Jay Z', 240, 0.48, 23, 4),
(13, 'Listen', 'Jay Z', 187, 0.99, 23, 4),
(14, 'Do you', 'Jay Z', 262, 1.05, 23, 4),
(15, 'I dont care', 'Miranda Ker', 180, 0.89, 23, 4),
(16, 'Queens', 'Fred Smith', 189, 0.81, 31, 1),
(17, 'Human', 'Matt King', 280, 0.48, 42, 1),
(18, 'Fly', 'Fred Smith', 188, 0.99, 42, 1),
(19, 'You and I', 'Matt King', 255, 1.25, 43, 1),
(20, 'I was here', 'Matt King', 178, 1.25, 43, 1),
(21, 'Everyday', 'Matt King', 278, 0.81, 51, 1),
(22, 'Bad', 'Freddie Williams', 278, 1.55, 62, 1),
(23, 'Watch out', 'Freddie Williams', 198, 1.29, 62, 1),
(24, 'Thriller', 'Freddie Williams', 278, 1.25, 63, 1),
(25, 'Be scared', 'Jay Smith', 195, 1.25, 64, 1),
(26, 'Crimes', 'Freddie Williams', 238, 0.81, 64, 1),
(27, 'Dangerous', 'Jay Smith', 188, 1.65, 64, 1),
(28, 'Call pollice', 'Freddie Williams', 228, 1.29, 64, 1),
(29, 'Ben', 'Freddie Williams', 198, 1.35, 65, 1),
(30, 'Monkeys', 'Matt King', 218, 0.75, 71, 1),
(43, 'Be the one', 'May Will', 228, 0.81, 81, 1),
(31, 'I do', 'May Will', 188, 0.51, 81, 1),
(32, 'Shut up and drive', 'May Will', 238, 0.76, 81, 1),
(33, 'Future is here', 'May Will', 218, 0.66, 81, 2),
(34, 'Levitating', 'May Will', 192, 0.71, 81, 3),
(35, 'I can', 'May Will', 204, 0.85, 82, 1),
(36, 'Stay here', 'May Will', 202, 0.88, 82, 1),
(37, 'Love again', 'May Will', 185, 0.91, 82, 1),
(38, 'Likea virgin', 'Freddie Williams', 204, 0.55, 91, 1),
(39, 'Pray', 'Fran Grey', 212, 0.71, 92, 1),
(40, 'Angels like you', 'Sara May', 195, 1.05, 100, 2),
(41, 'We cant stop', 'Marrie May', 205, 0.75, 101, 1),
(42, 'Prisoner', 'David Butler', 185, 0.75, 101, 2);



INSERT INTO CUSTOMER(CUSTOMER_ID, FIRST_NAME, LAST_NAME, BIRTH_DATE, CITY ) VALUES
(1, 'Katarina', 'Saric', '1998-03-12', 'Zagreb'),
 (2, 'Josipa', 'Adamic',  '1958-05-19', 'Zagreb'),
 (3, 'Ana', 'Kovacevic',  '1956-09-12', 'Zagreb'),
 (4, 'Juraj', 'Petrovic',  '1976-03-02', 'Zagreb'),
 (5, 'Petar', 'Broz',  '02.07.1972.', 'Zagreb'),
 (6, 'Nera', 'Milicevic', '1992-07-22', 'Split'),
 (7, 'Ivan', 'Blazevic', '1993-07-21', 'Split'),
 (8, 'Bartol', 'Borozan', '1992-12-30', 'Split'),
 (9, 'Andela', 'Juric', '1982-12-31', 'Split'),
 (10, 'Daniel', 'Filipovic', '1989-10-05', 'Rijeka'),
 (11, 'Eva', 'Ivanovic', '1988-11-30', 'Rijeka'),
 (12, 'Denis', 'Dragic', '2001-12-29', 'Rijeka'),
 (13, 'Dorijan', 'Vincetic', '2002-04-29', 'Pula'),
 (14, 'Jelena', 'Maras', '2002-07-21', 'Rovinj'),
 (15, 'Lorena', 'Vukovic', '1999-08-29', 'Rijeka'),
 (16, 'Lovro', 'Horvatincic',  '2005-02-19', 'Sisak'),
 (17, 'Antonija', 'Dragic', '2003-02-21', 'Zadar');
 
INSERT INTO INVOICE(INVOICE_ID, ADDRESS, CITY, INVOICE_DATE, CUSTOMER_ID) VALUES
(1, 'Vratnicka 6', 'Zagreb', '2023-03-12', 1),
(2, 'Vratnicka 6', 'Osijek', '2024-01-12', 2),
(3, 'Savska 6', 'Split', '2003-03-05', 3),
(4, 'Vratnicka 6', 'Split', '2024-03-09', 4),
(5, 'Unska 6', 'Zagreb', '2023-04-12', 5),
(6, 'Unska 6', 'Zagreb', '2024-04-11', 6),
(7, 'Savska 6', 'Split', '2023-09-05', 7),
(8, 'Vratnicka 6', 'Split', '2024-03-02', 7),
(9, 'Unska 6', 'Zagreb', '2024-02-12', 8),
(10, 'Unska 6', 'Zagreb', '2024-04-19', 8),
(11, 'Savska 6', 'Split', '2023-12-11', 9),
(12, 'Vratnicka 6', 'Split', '2024-03-06', 9),
(13, 'Unska 6', 'Rijeka', '2024-04-10', 10),
(14, 'Unska 6', 'Zagreb', '2024-04-11', 10),
(15, 'Unska 6', 'Sisak', '2024-04-12', 11),
(16, 'Unska 6', 'Zagreb', '2024-04-11', 11),
(17, 'Unska 6', 'Sisak', '2024-04-10', 12),
(18, 'Unska 6', 'Zagreb', '2024-02-01', 12),
(19, 'Unska 6', 'Sisak', '2024-03-05', 12),
(20, 'Unska 6', 'Zagreb', '2023-04-11', 12),
(21, 'Unska 6', 'Sisak', '2023-09-21', 13),
(22, 'Unska 6', 'Zagreb', '2024-03-21', 13);


INSERT INTO INVOICE_LINE(INVOICE_ID, TRACK_ID, UNIT_PRICE, QUANTITY) VALUES
(1, 1, 0.55, 2),
(1, 2, 0.65, 1),
(2, 3, 0.59, 2),
(3, 4, 0.68, 1),
(4, 1, 0.55, 1),
(4, 2, 0.65, 1),
(5, 5, 0.89, 2),
(6, 6, 0.81, 3),
(7, 7, 0.48, 1),
(8, 8, 0.85, 1),
(8, 9, 0.75, 1),
(9, 10, 0.89, 2),
(10, 11, 0.81, 3),
(11, 12, 0.48, 1),
(12, 13, 0.99, 1),
(13, 14, 1.05, 1),
(13, 15, 0.89, 2),
(14, 16, 0.81, 3),
(11, 17, 0.48, 1),
(12, 18, 0.99, 1),
(13, 19, 1.25, 1),
(13, 20, 1.25, 2),
(14, 21, 0.81, 3),
(15, 22, 1.55, 1),
(16, 23, 1.29, 1),
(17, 24, 1.25, 1),
(18, 25, 1.25, 2),
(19, 26, 0.81, 3),
(15, 27, 1.65, 1),
(16, 28, 1.29, 1),
(7, 29, 1.35, 1),
(8, 30, 0.75, 2),
(1, 31, 0.81, 2),
(17, 28, 1.29, 1),
(20, 40, 1.05, 1),
(21, 42, 0.75, 2),
(1, 30, 0.81, 2);

COMMIT;




